[
  {
    "Name": "Simple Product1 with json",
    "Sku": "simple-product-1-with-json",
    "Parent_Sku": "",
    "Child_Sku": "",
    "Description": "This is simple product",
    "Vendor": "RingBuilderAdvance",
    "Type": "simple",
    "Price": "25",
    "Status": "1",
    "MainImage": "https://www.gemfind.net/jewelryimages/2906/media/productimages/80030.jpg",
    "metafields_ringSize": "1.2,2.3,3.4",
    "metafields_Collections": "HALO",
    "metafields_shape": "Round",
    "metafields_MinimumCarat": "3.41",
    "metafields_MaximumCarat": "4.17",
    "metafields_islabsettings": "FALSE",
    "Configurable_Attributes": "MetalType,CenterStoneSize",
    "MetalType": "14k Yelow Gold",
    "CenterStoneSize": "3.79",
    "Tags": "GemFind",
    "Compare_Price": "22",
    "metafields_GemstoneType1": "Diamond",
    "metafields_NoOfGemstones1": "18",
    "metafields_GemstoneShape1": "Round",
    "metafields_GemstoneCaratWeight1": "0.0175",
    "metafields_GemstoneDimensions1": "",
    "metafields_GemstoneQuality1": "VS-SI1, F-G",
    "metafields_DiamondClarity1": "",
    "metafields_DiamondColor1": "",
    "metafields_GemstoneType2": "Diamond",
    "metafields_NoOfGemstones2": "36",
    "metafields_GemstoneShape2": "Round",
    "metafields_GemstoneCaratWeight2": "0.01",
    "metafields_GemstoneDimensions2": "",
    "metafields_GemstoneQuality2": "VS-SI1, F-G",
    "metafields_DiamondClarity2": "",
    "metafields_DiamondColor2": "",
    "metafields_VideoUrl": "https://images.gemfind.com/upload/diamvideo/roundwhite.mp4",
    "metafields_IsImageFromURL": "1",
    "Extra_image_1": "https://www.gemfind.net/jewelryimages/2906/media/productimages/80030.side.alt.jpg",
    "Extra_image_2": "https://www.gemfind.net/jewelryimages/2906/media/productimages/83957.jpg",
    "Extra_image_3": "https://www.gemfind.net/ResizeLogo.aspx?img=http://gemfind.net/dealerid_display/dealerimages/886660384logo_500x500_Wbg.png&wi=200&hi=200"
  },
  {
    "Name": "Configurable Product 1",
    "Sku": "configurable-product-1",
    "Parent_Sku": "",
    "Child_Sku": "configurable-simple-1,configurable-simple-2",
    "Description": "Configurable Main Product",
    "Vendor": "RingBuilderAdvance",
    "Type": "configurable",
    "Price": "",
    "Status": "1",
    "MainImage": "https://www.gemfind.net/jewelryimages/2906/media/productimages/80030.side.alt.jpg",
    "metafields_ringSize": "1.2,2.3,3.4",
    "metafields_Collections": "SOLITAIRE",
    "metafields_shape": "Radiant",
    "metafields_MinimumCarat": "4.41",
    "metafields_MaximumCarat": "5.17",
    "metafields_islabsettings": "FALSE",
    "Configurable_Attributes": "MetalType,CenterStoneSize",
    "MetalType": "",
    "CenterStoneSize": "",
    "Tags": "GemFind",
    "Compare_Price": "",
    "metafields_GemstoneType1": "Diamond",
    "metafields_NoOfGemstones1": "18",
    "metafields_GemstoneShape1": "Round",
    "metafields_GemstoneCaratWeight1": "0.0175",
    "metafields_GemstoneDimensions1": "",
    "metafields_GemstoneQuality1": "VS-SI1, F-G",
    "metafields_DiamondClarity1": "",
    "metafields_DiamondColor1": "",
    "metafields_GemstoneType2": "Diamond",
    "metafields_NoOfGemstones2": "36",
    "metafields_GemstoneShape2": "Round",
    "metafields_GemstoneCaratWeight2": "0.01",
    "metafields_GemstoneDimensions2": "",
    "metafields_GemstoneQuality2": "VS-SI1, F-G",
    "metafields_DiamondClarity2": "",
    "metafields_DiamondColor2": "",
    "metafields_VideoUrl": "https://images.gemfind.com/upload/diamvideo/roundwhite.mp4",
    "metafields_IsImageFromURL": "1",
    "Extra_image_1": "https://www.gemfind.net/jewelryimages/2906/media/productimages/83957.jpg",
    "Extra_image_2": "https://www.gemfind.net/jewelryimages/2906/media/productimages/83957.jpg",
    "Extra_image_3": "https://www.gemfind.net/ResizeLogo.aspx?img=http://gemfind.net/dealerid_display/dealerimages/886660384logo_500x500_Wbg.png&wi=200&hi=200"
  },
  {
    "Name": "",
    "Sku": "configurable-simple-1",
    "Parent_Sku": "configurable-product-1",
    "Child_Sku": "",
    "Description": "",
    "Vendor": "",
    "Type": "",
    "Price": "25",
    "Status": "0",
    "MainImage": "",
    "metafields_ringSize": "",
    "metafields_Collections": "",
    "metafields_shape": "",
    "metafields_MinimumCarat": "5.41",
    "metafields_MaximumCarat": "6.17",
    "metafields_islabsettings": "FALSE",
    "Configurable_Attributes": "",
    "MetalType": "14k Yelow Gold",
    "CenterStoneSize": "3.79",
    "Tags": "",
    "Compare_Price": "22",
    "metafields_GemstoneType1": "",
    "metafields_NoOfGemstones1": "",
    "metafields_GemstoneShape1": "",
    "metafields_GemstoneCaratWeight1": "",
    "metafields_GemstoneDimensions1": "",
    "metafields_GemstoneQuality1": "",
    "metafields_DiamondClarity1": "",
    "metafields_DiamondColor1": "",
    "metafields_GemstoneType2": "",
    "metafields_NoOfGemstones2": "",
    "metafields_GemstoneShape2": "",
    "metafields_GemstoneCaratWeight2": "",
    "metafields_GemstoneDimensions2": "",
    "metafields_GemstoneQuality2": "",
    "metafields_DiamondClarity2": "",
    "metafields_DiamondColor2": "",
    "metafields_VideoUrl": "",
    "metafields_IsImageFromURL": "",
    "Extra_image_1": "",
    "Extra_image_2": "",
    "Extra_image_3": ""
  },
  {
    "Name": "",
    "Sku": "configurable-simple-2",
    "Parent_Sku": "configurable-product-1",
    "Child_Sku": "",
    "Description": "",
    "Vendor": "",
    "Type": "",
    "Price": "25",
    "Status": "0",
    "MainImage": "",
    "metafields_ringSize": "",
    "metafields_Collections": "",
    "metafields_shape": "",
    "metafields_MinimumCarat": "6.41",
    "metafields_MaximumCarat": "7.17",
    "metafields_islabsettings": "FALSE",
    "Configurable_Attributes": "",
    "MetalType": "18k White Gold",
    "CenterStoneSize": "3.79",
    "Tags": "",
    "Compare_Price": "22",
    "metafields_GemstoneType1": "",
    "metafields_NoOfGemstones1": "",
    "metafields_GemstoneShape1": "",
    "metafields_GemstoneCaratWeight1": "",
    "metafields_GemstoneDimensions1": "",
    "metafields_GemstoneQuality1": "",
    "metafields_DiamondClarity1": "",
    "metafields_DiamondColor1": "",
    "metafields_GemstoneType2": "",
    "metafields_NoOfGemstones2": "",
    "metafields_GemstoneShape2": "",
    "metafields_GemstoneCaratWeight2": "",
    "metafields_GemstoneDimensions2": "",
    "metafields_GemstoneQuality2": "",
    "metafields_DiamondClarity2": "",
    "metafields_DiamondColor2": "",
    "metafields_VideoUrl": "",
    "metafields_IsImageFromURL": "",
    "Extra_image_1": "",
    "Extra_image_2": "",
    "Extra_image_3": ""
  }
]
