[
  {
    "Name": "Simple Product1",
    "Sku": "simple-product-1",
    "Parent_Sku": "",
    "Child_Sku": "",
    "Description": "This is simple product",
    "Vendor": "GemFind",
    "Type": "simple",
    "Status": 1,
    "Tags": "GemFind",
    "Price": 25,
    "Configurable_Attributes": "",
    "MainImage": "https://www.gemfind.net/ResizeLogo.aspx?img=http://gemfind.net/dealerid_display/dealerimages/886660384logo_500x500_Wbg.png&wi=200&hi=200",
    "Extra_image_1": "https://www.gemfind.net/ResizeLogo.aspx?img=http://gemfind.net/dealerid_display/dealerimages/886660384logo_500x500_Wbg.png&wi=200&hi=200",
    "Extra_image_2": "https://www.gemfind.net/ResizeLogo.aspx?img=http://gemfind.net/dealerid_display/dealerimages/886660384logo_500x500_Wbg.png&wi=200&hi=200",
    "Extra_image_3": "https://www.gemfind.net/ResizeLogo.aspx?img=http://gemfind.net/dealerid_display/dealerimages/886660384logo_500x500_Wbg.png&wi=200&hi=200",
    "metalTypes": "",
    "metalColor": "",
    "metafields_total_diamond_weight": 0.47,
    "metafields_total_diamond_weight_cfg": 0.47
  },
  {
    "Name": "Configurable Product 1",
    "Sku": "configurable-product-1",
    "Parent_Sku": "",
    "Child_Sku": "configurable-simple-1,configurable-simple-2",
    "Description": "Configurable Main Product",
    "Vendor": "GemFind",
    "Type": "configurable",
    "Status": 1,
    "Tags": "GemFind",
    "Price": "",
    "Configurable_Attributes": "metalTypes,metalColor",
    "MainImage": "https://www.gemfind.net/ResizeLogo.aspx?img=http://gemfind.net/dealerid_display/dealerimages/886660384logo_500x500_Wbg.png&wi=200&hi=200",
    "Extra_image_1": "https://www.gemfind.net/ResizeLogo.aspx?img=http://gemfind.net/dealerid_display/dealerimages/886660384logo_500x500_Wbg.png&wi=200&hi=200",
    "Extra_image_2": "https://www.gemfind.net/ResizeLogo.aspx?img=http://gemfind.net/dealerid_display/dealerimages/886660384logo_500x500_Wbg.png&wi=200&hi=200",
    "Extra_image_3": "https://www.gemfind.net/ResizeLogo.aspx?img=http://gemfind.net/dealerid_display/dealerimages/886660384logo_500x500_Wbg.png&wi=200&hi=200",
    "metalTypes": "",
    "metalColor": "",
    "metafields_total_diamond_weight": 0.47,
    "metafields_total_diamond_weight_cfg": 0.47
  },
  {
    "Name": "",
    "Sku": "configurable-simple-1",
    "Parent_Sku": "configurable-product-1",
    "Child_Sku": "",
    "Description": "",
    "Vendor": "",
    "Type": "",
    "Status": 0,
    "Tags": "",
    "Price": 25,
    "Configurable_Attributes": "",
    "MainImage": "",
    "Extra_image_1": "",
    "Extra_image_2": "",
    "Extra_image_3": "",
    "metalTypes": "14 k",
    "metalColor": "Gold",
    "metafields_total_diamond_weight": 1,
    "metafields_total_diamond_weight_cfg": 2
  },
  {
    "Name": "",
    "Sku": "configurable-simple-2",
    "Parent_Sku": "configurable-product-1",
    "Child_Sku": "",
    "Description": "",
    "Vendor": "",
    "Type": "",
    "Status": 0,
    "Tags": "",
    "Price": 25,
    "Configurable_Attributes": "",
    "MainImage": "",
    "Extra_image_1": "",
    "Extra_image_2": "",
    "Extra_image_3": "",
    "metalTypes": "18k",
    "metalColor": "Gold",
    "metafields_total_diamond_weight": 1,
    "metafields_total_diamond_weight_cfg": 2
  }
]